{
  "$schema": "https://biomejs.dev/schemas/1.9.4/schema.json",
  "vcs": { "enabled": false, "clientKind": "git", "useIgnoreFile": false },
  "files": { "ignoreUnknown": false, "ignore": [] },
  "formatter": { "enabled": true, "indentStyle": "space" },
  "organizeImports": { "enabled": true },
  "linter": {
    "enabled": true,
    "rules": { "recommended": false },
    "ignore": ["dist"]
  },
  "javascript": {
    "formatter": {
      "quoteStyle": "single",
      "lineWidth": 80,
      "trailingCommas": "all"
    }
  },
  "overrides": [
    {
      "include": ["**/*.{js,jsx}"],
      "javascript": {
        "globals": [
          "onscrollend",
          "onpointerleave",
          "oncontextrestored",
          "onemptied",
          "ongamepaddisconnected",
          "onkeypress",
          "onloadeddata",
          "onmouseup",
          "onvolumechange",
          "onpaste",
          "onstorage",
          "onkeyup",
          "onabort",
          "oncut",
          "ontransitionrun",
          "onafterprint",
          "onblur",
          "ondurationchange",
          "ontransitionstart",
          "oncanplaythrough",
          "onanimationend",
          "onmouseleave",
          "ondragleave",
          "onplay",
          "onunhandledrejection",
          "onbeforeprint",
          "onpointercancel",
          "onsubmit",
          "ondragstart",
          "onmessage",
          "location",
          "onoffline",
          "onappinstalled",
          "onwheel",
          "onended",
          "onkeydown",
          "onclick",
          "onfocus",
          "onscroll",
          "ongamepadconnected",
          "oncanplay",
          "onpointerdown",
          "ondeviceorientationabsolute",
          "onauxclick",
          "ondevicemotion",
          "onratechange",
          "ontransitionend",
          "onscrollsnapchanging",
          "onchange",
          "onselect",
          "onbeforeinstallprompt",
          "onbeforetoggle",
          "onmouseout",
          "ontimeupdate",
          "ondragover",
          "oncuechange",
          "ontransitioncancel",
          "onprogress",
          "onbeforeinput",
          "onpointerenter",
          "onmouseenter",
          "oninvalid",
          "onpointerout",
          "onpagereveal",
          "onpause",
          "onanimationstart",
          "onwaiting",
          "onscrollsnapchange",
          "ondeviceorientation",
          "onclose",
          "onbeforeunload",
          "oncancel",
          "onseeked",
          "onpointerover",
          "ongotpointercapture",
          "onloadedmetadata",
          "onpageshow",
          "onstalled",
          "oncontextmenu",
          "onreset",
          "ondrag",
          "onbeforematch",
          "onload",
          "onlostpointercapture",
          "onsuspend",
          "onselectionchange",
          "onpagehide",
          "onrejectionhandled",
          "onunload",
          "onanimationcancel",
          "onmousedown",
          "onpointerup",
          "onmouseover",
          "onformdata",
          "oncontentvisibilityautostatechange",
          "onresize",
          "onsearch",
          "ontoggle",
          "onpageswap",
          "onbeforexrselect",
          "onlanguagechange",
          "ondragenter",
          "onerror",
          "onpointermove",
          "onmousemove",
          "ondrop",
          "onhashchange",
          "onsecuritypolicyviolation",
          "onslotchange",
          "oncopy",
          "onanimationiteration",
          "ondblclick",
          "ondragend",
          "onpointerrawupdate",
          "onpopstate",
          "onplaying",
          "oncontextlost",
          "onloadstart",
          "onseeking",
          "oninput",
          "onmessageerror",
          "onselectstart",
          "onmousewheel",
          "ononline"
        ]
      },
      "linter": {
        "rules": {
          "complexity": {
            "noExtraBooleanCast": "error",
            "noMultipleSpacesInRegularExpressionLiterals": "error",
            "noUselessCatch": "error",
            "noWith": "error"
          },
          "correctness": {
            "noConstAssign": "error",
            "noConstantCondition": "error",
            "noEmptyCharacterClassInRegex": "error",
            "noEmptyPattern": "error",
            "noGlobalObjectCalls": "error",
            "noInvalidBuiltinInstantiation": "error",
            "noInvalidConstructorSuper": "error",
            "noNonoctalDecimalEscape": "error",
            "noPrecisionLoss": "error",
            "noSelfAssign": "error",
            "noSetterReturn": "error",
            "noSwitchDeclarations": "error",
            "noUndeclaredVariables": "error",
            "noUnreachable": "error",
            "noUnreachableSuper": "error",
            "noUnsafeFinally": "error",
            "noUnsafeOptionalChaining": "error",
            "noUnusedLabels": "error",
            "noUnusedPrivateClassMembers": "error",
            "noUnusedVariables": "error",
            "useExhaustiveDependencies": "warn",
            "useHookAtTopLevel": "error",
            "useIsNan": "error",
            "useValidForDirection": "error",
            "useYield": "error"
          },
          "security": { "noGlobalEval": "error" },
          "style": { "noVar": "error", "useConst": "error" },
          "suspicious": {
            "noAssignInExpressions": "error",
            "noAsyncPromiseExecutor": "error",
            "noCatchAssign": "error",
            "noClassAssign": "error",
            "noCompareNegZero": "error",
            "noConsole": "warn",
            "noControlCharactersInRegex": "error",
            "noDebugger": "error",
            "noDoubleEquals": "error",
            "noDuplicateCase": "error",
            "noDuplicateClassMembers": "error",
            "noDuplicateJsxProps": "warn",
            "noDuplicateObjectKeys": "error",
            "noDuplicateParameters": "error",
            "noEmptyBlockStatements": "error",
            "noFallthroughSwitchClause": "error",
            "noFunctionAssign": "error",
            "noGlobalAssign": "error",
            "noImportAssign": "error",
            "noMisleadingCharacterClass": "error",
            "noPrototypeBuiltins": "error",
            "noRedeclare": "error",
            "noShadowRestrictedNames": "error",
            "noSparseArray": "error",
            "noUnsafeNegation": "error",
            "useGetterReturn": "error",
            "useValidTypeof": "error"
          }
        }
      }
    }
  ]
}
